,coolingdegreedays,coolingdegreedaysnormal,date.hour,date.mday,date.min,date.mon,date.pretty,date.tzname,date.year,fog,gdegreedays,hail,heatingdegreedays,heatingdegreedaysnormal,humidity,maxdewpti,maxdewptm,maxhumidity,maxpressurei,maxpressurem,maxtempi,maxtempm,maxvisi,maxvism,maxwspdi,maxwspdm,meandewpti,meandewptm,meanpressurei,meanpressurem,meantempi,meantempm,meanvisi,meanvism,meanwdird,meanwdire,meanwindspdi,meanwindspdm,mindewpti,mindewptm,minhumidity,minpressurei,minpressurem,mintempi,mintempm,minvisi,minvism,minwspdi,minwspdm,monthtodatecoolingdegreedays,monthtodatecoolingdegreedaysnormal,monthtodateheatingdegreedays,monthtodateheatingdegreedaysnormal,monthtodatesnowfalli,monthtodatesnowfallm,precipi,precipm,precipsource,rain,since1jancoolingdegreedays,since1jancoolingdegreedaysnormal,since1julheatingdegreedays,since1julheatingdegreedaysnormal,since1julsnowfalli,since1julsnowfallm,since1sepcoolingdegreedays,since1sepcoolingdegreedaysnormal,since1sepheatingdegreedays,since1sepheatingdegreedaysnormal,snow,snowdepthi,snowdepthm,snowfalli,snowfallm,thunder,tornado
0,8,,12,20,00,06,"12:00 PM PDT on June 20, 2007",America/Los_Angeles,2007,0,24,0,0,,,53,12,70,30.01,1016,91,33,10,16,21,34,49,9,29.92,1013,74,23,10,16,313,,9,14,44,7,20,29.85,1011,57,14,10,16,0,0,,,,,,,0.00,0.00,,0,,,,,,,,,,,0,,,0.00,0.00,0,0
1,8,,12,20,00,06,"12:00 PM PDT on June 20, 2007",America/Los_Angeles,2007,0,24,0,0,,,53,12,70,30.01,1016,91,33,10,16,21,34,49,9,29.92,1013,74,23,10,16,313,,9,14,44,7,20,29.85,1011,57,14,10,16,0,0,,,,,,,0.00,0.00,,0,,,,,,,,,,,0,,,0.00,0.00,0,0
2,7,5,12,13,00,08,"12:00 PM PDT on August 13, 2008",America/Los_Angeles,2008,0,22,0,0,1,,59,15,93,30.06,1018,87,31,10,16,12,19,56,13,30.01,1016,72,22,10,16,261,,2,4,54,12,37,29.93,1013,56,13,10,16,0,0,55,65,4,8,0.00,0.00,0.00,0.00,,0,,,,,0.00,0.00,,,,,0,0.00,0.00,0.00,0.00,0,0
3,,,12,13,00,08,"12:00 PM PDT on August 13, 2008",America/Los_Angeles,2008,0,,0,,,,57,14,77,30.06,1018,64,18,10,16,0,0,57,14,30.06,1018,,,10,16,-1,,0,0,57,14,77,30.06,1018,64,18,10,16,0,0,,,,,,,0.00,0.00,,0,,,,,,,,,,,0,,,0.00,0.00,0,0
4,3,,12,12,00,08,"12:00 PM PDT on August 12, 2008",America/Los_Angeles,2008,0,18,0,0,,,61,16,78,30.01,1016,78,26,10,16,17,27,61,16,30.00,1016,68,20,10,16,240,,6,10,61,16,54,29.98,1015,68,20,10,16,0,0,,,,,,,0.00,0.00,,0,,,,,,,,,,,0,,,0.00,0.00,0,0
5,0,,12,25,00,08,"12:00 PM PDT on August 25, 2008",America/Los_Angeles,2008,0,10,0,5,,,55,13,82,29.96,1014,66,19,10,16,10,16,54,12,29.95,1014,60,16,10,16,250,,9,14,52,11,60,29.93,1013,60,16,10,16,8,13,,,,,,,0.00,0.00,,0,,,,,,,,,,,0,,,0.00,0.00,0,0
6,3,,12,12,00,08,"12:00 PM PDT on August 12, 2008",America/Los_Angeles,2008,0,18,0,0,,,61,16,78,30.01,1016,78,26,10,16,17,27,61,16,30.00,1016,68,20,10,16,240,,6,10,61,16,54,29.98,1015,68,20,10,16,0,0,,,,,,,0.00,0.00,,0,,,,,,,,,,,0,,,0.00,0.00,0,0
7,0,,12,25,00,08,"12:00 PM PDT on August 25, 2008",America/Los_Angeles,2008,0,10,0,5,,,55,13,82,29.96,1014,66,19,10,16,10,16,54,12,29.95,1014,60,16,10,16,250,,9,14,52,11,60,29.93,1013,60,16,10,16,8,13,,,,,,,0.00,0.00,,0,,,,,,,,,,,0,,,0.00,0.00,0,0
8,0,,12,25,00,08,"12:00 PM PDT on August 25, 2008",America/Los_Angeles,2008,0,10,0,5,,,55,13,82,29.96,1014,66,19,10,16,10,16,54,12,29.95,1014,60,16,10,16,250,,9,14,52,11,60,29.93,1013,60,16,10,16,8,13,,,,,,,0.00,0.00,,0,,,,,,,,,,,0,,,0.00,0.00,0,0
9,0,,12,25,00,08,"12:00 PM PDT on August 25, 2008",America/Los_Angeles,2008,0,10,0,5,,,55,13,82,29.96,1014,66,19,10,16,10,16,54,12,29.95,1014,60,16,10,16,250,,9,14,52,11,60,29.93,1013,60,16,10,16,8,13,,,,,,,0.00,0.00,,0,,,,,,,,,,,0,,,0.00,0.00,0,0
10,,,12,29,00,08,"12:00 PM PDT on August 29, 2007",America/Los_Angeles,2007,0,,0,,,,50,10,56,29.97,1015,66,19,10,16,23,37,50,10,29.97,1015,,,10,16,90,,23,37,50,10,56,29.97,1015,66,19,10,16,23,37,,,,,,,0.00,0.00,,0,,,,,,,,,,,0,,,0.00,0.00,0,0
11,0,,12,25,00,08,"12:00 PM PDT on August 25, 2008",America/Los_Angeles,2008,0,10,0,5,,,55,13,82,29.96,1014,66,19,10,16,10,16,54,12,29.95,1014,60,16,10,16,250,,9,14,52,11,60,29.93,1013,60,16,10,16,8,13,,,,,,,0.00,0.00,,0,,,,,,,,,,,0,,,0.00,0.00,0,0
12,0,,12,25,00,08,"12:00 PM PDT on August 25, 2008",America/Los_Angeles,2008,0,10,0,5,,,55,13,82,29.96,1014,66,19,10,16,10,16,54,12,29.95,1014,60,16,10,16,250,,9,14,52,11,60,29.93,1013,60,16,10,16,8,13,,,,,,,0.00,0.00,,0,,,,,,,,,,,0,,,0.00,0.00,0,0
13,,,12,13,00,08,"12:00 PM PDT on August 13, 2008",America/Los_Angeles,2008,0,,0,,,,57,14,77,30.06,1018,64,18,10,16,0,0,57,14,30.06,1018,,,10,16,-1,,0,0,57,14,77,30.06,1018,64,18,10,16,0,0,,,,,,,0.00,0.00,,0,,,,,,,,,,,0,,,0.00,0.00,0,0
14,0,0,12,05,00,01,"12:00 PM PST on January 05, 2006",America/Los_Angeles,2006,0,0,0,19,33,,36,2,76,30.37,1028,58,14,10,16,16,26,33,1,30.29,1026,46,8,10,16,178,,8,13,31,-1,43,30.19,1022,34,1,10,16,0,0,0,0,126,165,,,0.00,0.00,,0,0,0,2978,2771,,,,,,,0,,,0.00,0.00,0,0
15,0,0,12,05,00,01,"12:00 PM PST on January 05, 2006",America/Los_Angeles,2006,0,0,0,19,33,,36,2,76,30.37,1028,58,14,10,16,16,26,33,1,30.29,1026,46,8,10,16,178,,8,13,31,-1,43,30.19,1022,34,1,10,16,0,0,0,0,126,165,,,0.00,0.00,,0,0,0,2978,2771,,,,,,,0,,,0.00,0.00,0,0
16,0,2,12,26,00,06,"12:00 PM PDT on June 26, 2007",America/Los_Angeles,2007,0,10,0,4,4,,32,0,52,30.18,1022,84,29,10,16,22,35,27,-3,30.07,1018,61,16,10,16,326,,8,13,21,-6,14,29.95,1014,37,3,10,16,0,0,20,20,195,169,,,0.00,0.00,,0,22,21,6501,6235,,,,,,,0,,,0.00,0.00,0,0
17,0,2,12,25,00,06,"12:00 PM PDT on June 25, 2007",America/Los_Angeles,2007,0,2,0,14,5,,31,-1,92,30.25,1024,73,23,10,16,14,23,23,-5,30.19,1022,51,11,10,16,320,,6,10,12,-11,11,30.15,1021,29,-2,10,16,0,0,20,18,191,165,,,0.00,0.00,,0,22,19,6497,6231,,,,,,,0,,,0.00,0.00,0,0
18,6,4,12,09,00,08,"12:00 PM PDT on August 09, 2006",America/Los_Angeles,2006,0,22,0,0,1,,61,16,78,30.17,1022,82,28,10,16,15,24,57,14,30.12,1020,71,22,10,16,290,Variable,4,7,55,13,42,30.05,1017,59,15,9,14,0,0,31,36,0,9,0.00,0.00,T,T,3Or6HourObs,0,277,164,21,59,0.00,0.00,,,,,0,0.00,0.00,0.00,0.00,0,0
19,0,,12,23,00,08,"12:00 PM PDT on August 23, 2007",America/Los_Angeles,2007,1,8,0,7,,,59,15,100,30.02,1016,66,19,10,16,22,35,55,13,29.99,1015,58,14,8,13,29,,6,10,50,10,77,29.94,1014,50,10,0,0,0,0,,,,,,,0.00,0.00,,0,,,,,,,,,,,0,,,0.00,0.00,0,0
20,0,,12,23,00,08,"12:00 PM PDT on August 23, 2007",America/Los_Angeles,2007,1,8,0,7,,,59,15,100,30.02,1016,66,19,10,16,22,35,55,13,29.99,1015,58,14,8,13,29,,6,10,50,10,77,29.94,1014,50,10,0,0,0,0,,,,,,,0.00,0.00,,0,,,,,,,,,,,0,,,0.00,0.00,0,0
21,0,,12,23,00,08,"12:00 PM PDT on August 23, 2007",America/Los_Angeles,2007,1,8,0,7,,,59,15,100,30.02,1016,66,19,10,16,22,35,55,13,29.99,1015,58,14,8,13,29,,6,10,50,10,77,29.94,1014,50,10,0,0,0,0,,,,,,,0.00,0.00,,0,,,,,,,,,,,0,,,0.00,0.00,0,0
22,0,,12,19,00,01,"12:00 PM PST on January 19, 2006",America/Los_Angeles,2006,0,0,0,18,,,45,7,82,30.25,1024,51,11,10,16,14,23,41,5,30.20,1023,48,9,10,16,171,,10,16,39,4,62,30.15,1021,44,7,5,8,6,10,,,,,,,8.42,213.87,,0,,,,,,,,,,,0,,,0.00,0.00,0,0
23,0,,12,19,00,01,"12:00 PM PST on January 19, 2006",America/Los_Angeles,2006,0,0,0,18,,,45,7,82,30.25,1024,51,11,10,16,14,23,41,5,30.20,1023,48,9,10,16,171,,10,16,39,4,62,30.15,1021,44,7,5,8,6,10,,,,,,,8.42,213.87,,0,,,,,,,,,,,0,,,0.00,0.00,0,0
24,0,,12,19,00,01,"12:00 PM PST on January 19, 2006",America/Los_Angeles,2006,0,0,0,18,,,45,7,82,30.25,1024,51,11,10,16,14,23,41,5,30.20,1023,48,9,10,16,171,,10,16,39,4,62,30.15,1021,44,7,5,8,6,10,,,,,,,8.42,213.87,,0,,,,,,,,,,,0,,,0.00,0.00,0,0
25,0,,12,19,00,01,"12:00 PM PST on January 19, 2006",America/Los_Angeles,2006,0,0,0,18,,,45,7,82,30.25,1024,51,11,10,16,14,23,41,5,30.20,1023,48,9,10,16,171,,10,16,39,4,62,30.15,1021,44,7,5,8,6,10,,,,,,,8.42,213.87,,0,,,,,,,,,,,0,,,0.00,0.00,0,0
26,0,,12,19,00,01,"12:00 PM PST on January 19, 2006",America/Los_Angeles,2006,0,0,0,18,,,45,7,82,30.25,1024,51,11,10,16,14,23,41,5,30.20,1023,48,9,10,16,171,,10,16,39,4,62,30.15,1021,44,7,5,8,6,10,,,,,,,8.42,213.87,,0,,,,,,,,,,,0,,,0.00,0.00,0,0
27,0,,12,19,00,01,"12:00 PM PST on January 19, 2006",America/Los_Angeles,2006,0,0,0,18,,,45,7,82,30.25,1024,51,11,10,16,14,23,41,5,30.20,1023,48,9,10,16,171,,10,16,39,4,62,30.15,1021,44,7,5,8,6,10,,,,,,,8.42,213.87,,0,,,,,,,,,,,0,,,0.00,0.00,0,0
28,0,,12,23,00,01,"12:00 PM PST on January 23, 2006",America/Los_Angeles,2006,0,0,0,26,,,37,3,87,30.56,1035,42,6,9,14,6,10,35,2,30.51,1033,40,4,2,2,16,,1,2,34,1,81,30.41,1030,37,3,0,0,0,0,,,,,,,0.00,0.00,,0,,,,,,,,,,,0,,,0.00,0.00,0,0
29,0,,12,23,00,01,"12:00 PM PST on January 23, 2006",America/Los_Angeles,2006,0,0,0,26,,,37,3,87,30.56,1035,42,6,9,14,6,10,35,2,30.51,1033,40,4,2,2,16,,1,2,34,1,81,30.41,1030,37,3,0,0,0,0,,,,,,,0.00,0.00,,0,,,,,,,,,,,0,,,0.00,0.00,0,0
30,0,,12,23,00,01,"12:00 PM PST on January 23, 2006",America/Los_Angeles,2006,0,0,0,26,,,37,3,87,30.56,1035,42,6,9,14,6,10,35,2,30.51,1033,40,4,2,2,16,,1,2,34,1,81,30.41,1030,37,3,0,0,0,0,,,,,,,0.00,0.00,,0,,,,,,,,,,,0,,,0.00,0.00,0,0
31,0,,12,23,00,01,"12:00 PM PST on January 23, 2006",America/Los_Angeles,2006,0,0,0,26,,,37,3,87,30.56,1035,42,6,9,14,6,10,35,2,30.51,1033,40,4,2,2,16,,1,2,34,1,81,30.41,1030,37,3,0,0,0,0,,,,,,,0.00,0.00,,0,,,,,,,,,,,0,,,0.00,0.00,0,0
32,0,,12,23,00,01,"12:00 PM PST on January 23, 2006",America/Los_Angeles,2006,0,0,0,26,,,37,3,87,30.56,1035,42,6,9,14,6,10,35,2,30.51,1033,40,4,2,2,16,,1,2,34,1,81,30.41,1030,37,3,0,0,0,0,,,,,,,0.00,0.00,,0,,,,,,,,,,,0,,,0.00,0.00,0,0
33,0,,12,23,00,01,"12:00 PM PST on January 23, 2006",America/Los_Angeles,2006,0,0,0,26,,,37,3,87,30.56,1035,42,6,9,14,6,10,35,2,30.51,1033,40,4,2,2,16,,1,2,34,1,81,30.41,1030,37,3,0,0,0,0,,,,,,,0.00,0.00,,0,,,,,,,,,,,0,,,0.00,0.00,0,0
34,0,,12,23,00,01,"12:00 PM PST on January 23, 2006",America/Los_Angeles,2006,0,0,0,26,,,37,3,87,30.56,1035,42,6,9,14,6,10,35,2,30.51,1033,40,4,2,2,16,,1,2,34,1,81,30.41,1030,37,3,0,0,0,0,,,,,,,0.00,0.00,,0,,,,,,,,,,,0,,,0.00,0.00,0,0
35,0,,12,23,00,01,"12:00 PM PST on January 23, 2006",America/Los_Angeles,2006,0,0,0,26,,,37,3,87,30.56,1035,42,6,9,14,6,10,35,2,30.51,1033,40,4,2,2,16,,1,2,34,1,81,30.41,1030,37,3,0,0,0,0,,,,,,,0.00,0.00,,0,,,,,,,,,,,0,,,0.00,0.00,0,0
36,0,,12,13,00,02,"12:00 PM PST on February 13, 2006",America/Los_Angeles,2006,0,0,0,18,,,46,8,93,30.53,1034,55,13,10,16,14,23,38,3,30.47,1032,47,8,5,8,250,,2,3,27,-3,49,30.42,1030,39,4,0,0,0,0,,,,,,,0.01,0.25,,0,,,,,,,,,,,0,,,0.00,0.00,0,0
37,0,,12,13,00,02,"12:00 PM PST on February 13, 2006",America/Los_Angeles,2006,0,0,0,18,,,46,8,93,30.53,1034,55,13,10,16,14,23,38,3,30.47,1032,47,8,5,8,250,,2,3,27,-3,49,30.42,1030,39,4,0,0,0,0,,,,,,,0.01,0.25,,0,,,,,,,,,,,0,,,0.00,0.00,0,0
38,0,,12,13,00,02,"12:00 PM PST on February 13, 2006",America/Los_Angeles,2006,0,0,0,18,,,46,8,93,30.53,1034,55,13,10,16,14,23,38,3,30.47,1032,47,8,5,8,250,,2,3,27,-3,49,30.42,1030,39,4,0,0,0,0,,,,,,,0.01,0.25,,0,,,,,,,,,,,0,,,0.00,0.00,0,0
39,0,,12,13,00,02,"12:00 PM PST on February 13, 2006",America/Los_Angeles,2006,0,0,0,18,,,46,8,93,30.53,1034,55,13,10,16,14,23,38,3,30.47,1032,47,8,5,8,250,,2,3,27,-3,49,30.42,1030,39,4,0,0,0,0,,,,,,,0.01,0.25,,0,,,,,,,,,,,0,,,0.00,0.00,0,0
40,0,,12,13,00,02,"12:00 PM PST on February 13, 2006",America/Los_Angeles,2006,0,0,0,18,,,46,8,93,30.53,1034,55,13,10,16,14,23,38,3,30.47,1032,47,8,5,8,250,,2,3,27,-3,49,30.42,1030,39,4,0,0,0,0,,,,,,,0.01,0.25,,0,,,,,,,,,,,0,,,0.00,0.00,0,0
41,0,,12,13,00,02,"12:00 PM PST on February 13, 2006",America/Los_Angeles,2006,0,0,0,18,,,46,8,93,30.53,1034,55,13,10,16,14,23,38,3,30.47,1032,47,8,5,8,250,,2,3,27,-3,49,30.42,1030,39,4,0,0,0,0,,,,,,,0.01,0.25,,0,,,,,,,,,,,0,,,0.00,0.00,0,0
42,0,,12,13,00,02,"12:00 PM PST on February 13, 2006",America/Los_Angeles,2006,0,0,0,18,,,46,8,93,30.53,1034,55,13,10,16,14,23,38,3,30.47,1032,47,8,5,8,250,,2,3,27,-3,49,30.42,1030,39,4,0,0,0,0,,,,,,,0.01,0.25,,0,,,,,,,,,,,0,,,0.00,0.00,0,0
43,0,,12,13,00,02,"12:00 PM PST on February 13, 2006",America/Los_Angeles,2006,0,0,0,18,,,46,8,93,30.53,1034,55,13,10,16,14,23,38,3,30.47,1032,47,8,5,8,250,,2,3,27,-3,49,30.42,1030,39,4,0,0,0,0,,,,,,,0.01,0.25,,0,,,,,,,,,,,0,,,0.00,0.00,0,0
44,0,,12,16,00,01,"12:00 PM PST on January 16, 2008",America/Los_Angeles,2008,0,0,0,30,,,32,0,93,30.64,1037,41,5,10,16,13,21,27,-3,30.60,1036,34,1,7,12,36,,2,3,25,-4,61,30.54,1034,28,-2,0,0,0,0,,,,,,,0.00,0.00,,0,,,,,,,,,,,0,,,0.00,0.00,0,0
45,0,,12,16,00,01,"12:00 PM PST on January 16, 2008",America/Los_Angeles,2008,0,0,0,30,,,32,0,93,30.64,1037,41,5,10,16,13,21,27,-3,30.60,1036,34,1,7,12,36,,2,3,25,-4,61,30.54,1034,28,-2,0,0,0,0,,,,,,,0.00,0.00,,0,,,,,,,,,,,0,,,0.00,0.00,0,0
46,0,,12,16,00,01,"12:00 PM PST on January 16, 2008",America/Los_Angeles,2008,0,0,0,30,,,32,0,93,30.64,1037,41,5,10,16,13,21,27,-3,30.60,1036,34,1,7,12,36,,2,3,25,-4,61,30.54,1034,28,-2,0,0,0,0,,,,,,,0.00,0.00,,0,,,,,,,,,,,0,,,0.00,0.00,0,0
47,0,,12,01,00,10,"12:00 PM PDT on October 01, 2008",America/Los_Angeles,2008,0,10,0,6,,,57,14,94,30.02,1016,77,25,10,16,13,21,49,9,29.96,1014,60,16,9,14,322,,2,3,39,4,47,29.88,1012,42,6,0,1,0,0,,,,,,,0.00,0.00,,0,,,,,,,,,,,0,,,0.00,0.00,0,0
48,0,,12,01,00,10,"12:00 PM PDT on October 01, 2008",America/Los_Angeles,2008,0,10,0,6,,,57,14,94,30.02,1016,77,25,10,16,13,21,49,9,29.96,1014,60,16,9,14,322,,2,3,39,4,47,29.88,1012,42,6,0,1,0,0,,,,,,,0.00,0.00,,0,,,,,,,,,,,0,,,0.00,0.00,0,0
49,0,,12,01,00,10,"12:00 PM PDT on October 01, 2008",America/Los_Angeles,2008,0,10,0,6,,,57,14,94,30.02,1016,77,25,10,16,13,21,49,9,29.96,1014,60,16,9,14,322,,2,3,39,4,47,29.88,1012,42,6,0,1,0,0,,,,,,,0.00,0.00,,0,,,,,,,,,,,0,,,0.00,0.00,0,0
50,0,,12,01,00,10,"12:00 PM PDT on October 01, 2008",America/Los_Angeles,2008,0,10,0,6,,,57,14,94,30.02,1016,77,25,10,16,13,21,49,9,29.96,1014,60,16,9,14,322,,2,3,39,4,47,29.88,1012,42,6,0,1,0,0,,,,,,,0.00,0.00,,0,,,,,,,,,,,0,,,0.00,0.00,0,0
51,0,,12,01,00,10,"12:00 PM PDT on October 01, 2008",America/Los_Angeles,2008,0,10,0,6,,,57,14,94,30.02,1016,77,25,10,16,13,21,49,9,29.96,1014,60,16,9,14,322,,2,3,39,4,47,29.88,1012,42,6,0,1,0,0,,,,,,,0.00,0.00,,0,,,,,,,,,,,0,,,0.00,0.00,0,0
52,0,,12,01,00,10,"12:00 PM PDT on October 01, 2008",America/Los_Angeles,2008,0,10,0,6,,,57,14,94,30.02,1016,77,25,10,16,13,21,49,9,29.96,1014,60,16,9,14,322,,2,3,39,4,47,29.88,1012,42,6,0,1,0,0,,,,,,,0.00,0.00,,0,,,,,,,,,,,0,,,0.00,0.00,0,0
53,0,,12,01,00,10,"12:00 PM PDT on October 01, 2008",America/Los_Angeles,2008,0,10,0,6,,,57,14,94,30.02,1016,77,25,10,16,13,21,49,9,29.96,1014,60,16,9,14,322,,2,3,39,4,47,29.88,1012,42,6,0,1,0,0,,,,,,,0.00,0.00,,0,,,,,,,,,,,0,,,0.00,0.00,0,0
54,0,,12,01,00,10,"12:00 PM PDT on October 01, 2008",America/Los_Angeles,2008,0,10,0,6,,,57,14,94,30.02,1016,77,25,10,16,13,21,49,9,29.96,1014,60,16,9,14,322,,2,3,39,4,47,29.88,1012,42,6,0,1,0,0,,,,,,,0.00,0.00,,0,,,,,,,,,,,0,,,0.00,0.00,0,0
55,0,,12,01,00,10,"12:00 PM PDT on October 01, 2008",America/Los_Angeles,2008,0,10,0,6,,,57,14,94,30.02,1016,77,25,10,16,13,21,49,9,29.96,1014,60,16,9,14,322,,2,3,39,4,47,29.88,1012,42,6,0,1,0,0,,,,,,,0.00,0.00,,0,,,,,,,,,,,0,,,0.00,0.00,0,0
56,0,,12,01,00,10,"12:00 PM PDT on October 01, 2008",America/Los_Angeles,2008,0,10,0,6,,,57,14,94,30.02,1016,77,25,10,16,13,21,49,9,29.96,1014,60,16,9,14,322,,2,3,39,4,47,29.88,1012,42,6,0,1,0,0,,,,,,,0.00,0.00,,0,,,,,,,,,,,0,,,0.00,0.00,0,0
57,0,,12,01,00,10,"12:00 PM PDT on October 01, 2008",America/Los_Angeles,2008,0,10,0,6,,,57,14,94,30.02,1016,77,25,10,16,13,21,49,9,29.96,1014,60,16,9,14,322,,2,3,39,4,47,29.88,1012,42,6,0,1,0,0,,,,,,,0.00,0.00,,0,,,,,,,,,,,0,,,0.00,0.00,0,0
58,0,,12,01,00,10,"12:00 PM PDT on October 01, 2008",America/Los_Angeles,2008,0,10,0,6,,,57,14,94,30.02,1016,77,25,10,16,13,21,49,9,29.96,1014,60,16,9,14,322,,2,3,39,4,47,29.88,1012,42,6,0,1,0,0,,,,,,,0.00,0.00,,0,,,,,,,,,,,0,,,0.00,0.00,0,0
59,0,,12,01,00,10,"12:00 PM PDT on October 01, 2008",America/Los_Angeles,2008,0,10,0,6,,,57,14,94,30.02,1016,77,25,10,16,13,21,49,9,29.96,1014,60,16,9,14,322,,2,3,39,4,47,29.88,1012,42,6,0,1,0,0,,,,,,,0.00,0.00,,0,,,,,,,,,,,0,,,0.00,0.00,0,0
60,0,,12,01,00,10,"12:00 PM PDT on October 01, 2008",America/Los_Angeles,2008,0,10,0,6,,,57,14,94,30.02,1016,77,25,10,16,13,21,49,9,29.96,1014,60,16,9,14,322,,2,3,39,4,47,29.88,1012,42,6,0,1,0,0,,,,,,,0.00,0.00,,0,,,,,,,,,,,0,,,0.00,0.00,0,0
61,0,,12,06,00,05,"12:00 PM PDT on May 06, 2008",America/Los_Angeles,2008,0,5,0,10,,,48,9,87,30.13,1020,64,18,10,16,20,32,44,7,30.10,1019,55,13,10,16,302,,10,16,36,2,54,30.08,1019,46,8,10,16,0,0,,,,,,,0.00,0.00,,0,,,,,,,,,,,0,,,0.00,0.00,0,0
62,0,,12,17,00,08,"12:00 PM PDT on August 17, 2007",America/Los_Angeles,2007,0,14,0,1,,,52,11,77,30.07,1018,78,26,10,16,15,24,47,8,30.04,1017,64,18,10,16,206,,6,10,43,6,32,29.98,1015,50,10,10,16,0,0,,,,,,,0.00,0.00,,0,,,,,,,,,,,0,,,0.00,0.00,0,0
63,4,,12,28,00,06,"12:00 PM PDT on June 28, 2006",America/Los_Angeles,2006,0,18,0,0,,,52,11,74,29.99,1015,88,31,10,16,8,13,45,7,29.97,1015,68,20,10,16,142,,4,6,41,5,22,29.94,1014,53,12,10,16,0,0,,,,,,,0.00,0.00,,0,,,,,,,,,,,0,,,0.00,0.00,0,0
64,0,,12,19,00,07,"12:00 PM PDT on July 19, 2007",America/Los_Angeles,2007,0,7,0,8,,,43,6,76,30.09,1019,73,23,10,16,15,24,36,2,30.05,1017,57,14,10,16,166,,6,10,30,-1,20,29.99,1015,41,5,9,14,0,0,,,,,,,0.00,0.00,,0,,,,,,,,,,,0,,,0.00,0.00,0,0
65,0,,12,20,00,07,"12:00 PM PDT on July 20, 2007",America/Los_Angeles,2007,0,8,0,6,,,41,5,61,30.03,1017,78,26,10,16,23,37,34,1,30.01,1016,58,14,10,16,175,,9,14,25,-4,14,29.98,1015,39,4,10,16,0,0,,,,,,,0.00,0.00,,0,,,,,,,,,,,0,,,0.00,0.00,0,0
66,,,12,17,00,09,"12:00 PM PDT on September 17, 2007",America/Los_Angeles,2007,0,,0,,,,54,12,88,30.09,1019,57,14,5,8,0,0,54,12,30.09,1019,,,5,8,-1,,0,0,54,12,88,30.09,1019,57,14,5,8,0,0,,,,,,,0.00,0.00,,0,,,,,,,,,,,0,,,0.00,0.00,0,0
67,0,,12,18,00,09,"12:00 PM PDT on September 18, 2007",America/Los_Angeles,2007,0,5,0,10,,,45,7,67,30.12,1020,57,14,10,16,12,19,45,7,30.10,1019,55,13,10,16,275,,11,18,45,7,63,30.08,1019,55,13,10,16,10,16,,,,,,,0.00,0.00,,0,,,,,,,,,,,0,,,0.00,0.00,0,0
68,,,12,25,00,09,"12:00 PM PDT on September 25, 2007",America/Los_Angeles,2007,0,,0,,,,46,8,87,30.25,1024,50,10,10,16,0,0,46,8,30.25,1024,,,10,16,-1,,0,0,46,8,87,30.25,1024,50,10,10,16,0,0,,,,,,,0.00,0.00,,0,,,,,,,,,,,0,,,0.00,0.00,0,0
69,,,12,25,00,09,"12:00 PM PDT on September 25, 2007",America/Los_Angeles,2007,0,,0,,,,46,8,87,30.25,1024,50,10,10,16,0,0,46,8,30.25,1024,,,10,16,-1,,0,0,46,8,87,30.25,1024,50,10,10,16,0,0,,,,,,,0.00,0.00,,0,,,,,,,,,,,0,,,0.00,0.00,0,0
70,,,12,25,00,09,"12:00 PM PDT on September 25, 2007",America/Los_Angeles,2007,0,,0,,,,46,8,87,30.25,1024,50,10,10,16,0,0,46,8,30.25,1024,,,10,16,-1,,0,0,46,8,87,30.25,1024,50,10,10,16,0,0,,,,,,,0.00,0.00,,0,,,,,,,,,,,0,,,0.00,0.00,0,0
71,,,12,25,00,09,"12:00 PM PDT on September 25, 2007",America/Los_Angeles,2007,0,,0,,,,46,8,87,30.25,1024,50,10,10,16,0,0,46,8,30.25,1024,,,10,16,-1,,0,0,46,8,87,30.25,1024,50,10,10,16,0,0,,,,,,,0.00,0.00,,0,,,,,,,,,,,0,,,0.00,0.00,0,0
72,0,,12,25,00,09,"12:00 PM PDT on September 25, 2007",America/Los_Angeles,2007,0,10,0,6,,,47,8,74,30.21,1023,75,24,10,16,24,39,42,6,30.16,1021,60,16,10,16,290,,7,11,35,2,35,30.12,1020,44,7,10,16,0,0,,,,,,,0.00,0.00,,0,,,,,,,,,,,0,,,0.00,0.00,0,0
73,0,,12,25,00,09,"12:00 PM PDT on September 25, 2007",America/Los_Angeles,2007,0,10,0,6,,,47,8,74,30.21,1023,75,24,10,16,24,39,42,6,30.16,1021,60,16,10,16,290,,7,11,35,2,35,30.12,1020,44,7,10,16,0,0,,,,,,,0.00,0.00,,0,,,,,,,,,,,0,,,0.00,0.00,0,0
74,8,,12,25,00,07,"12:00 PM PDT on July 25, 2006",America/Los_Angeles,2006,0,22,0,0,,,57,14,81,29.98,1015,88,31,10,16,15,24,53,12,29.93,1013,72,22,10,16,12,,7,11,46,8,28,29.86,1011,57,14,10,16,0,0,,,,,,,0.00,0.00,,0,,,,,,,,,,,0,,,0.00,0.00,0,0
75,0,,12,14,00,06,"12:00 PM PDT on June 14, 2006",America/Los_Angeles,2006,0,10,0,6,,,54,12,94,30.10,1019,64,18,10,16,14,23,51,11,30.08,1019,60,16,10,16,200,,9,14,49,9,62,30.07,1018,55,13,9,14,4,6,,,,,,,0.02,0.51,,1,,,,,,,,,,,0,,,0.00,0.00,0,0
76,0,,12,14,00,06,"12:00 PM PDT on June 14, 2006",America/Los_Angeles,2006,0,10,0,6,,,54,12,94,30.10,1019,64,18,10,16,14,23,51,11,30.08,1019,60,16,10,16,200,,9,14,49,9,62,30.07,1018,55,13,9,14,4,6,,,,,,,0.02,0.51,,1,,,,,,,,,,,0,,,0.00,0.00,0,0
77,10,,12,25,00,07,"12:00 PM PDT on July 25, 2006",America/Los_Angeles,2006,0,24,0,0,,,58,14,83,30.01,1016,90,32,10,16,14,23,53,12,29.95,1014,74,23,10,16,310,,5,8,42,6,26,29.89,1012,59,15,10,16,0,0,,,,,,,0.00,0.00,,0,,,,,,,,,,,0,,,0.00,0.00,0,0
78,0,0,12,17,00,10,"12:00 PM PDT on October 17, 2007",America/Los_Angeles,2007,0,0,0,19,13,,40,4,100,29.99,1015,56,13,10,16,24,39,37,3,29.82,1010,46,8,10,16,213,,8,13,34,1,47,29.63,1003,36,2,9,14,0,0,0,3,213,177,0.00,0.00,T,T,,1,619,644,372,321,0.00,0.00,31,66,358,292,0,0.00,0.00,0.00,0.00,0,0
79,0,0,12,17,00,10,"12:00 PM PDT on October 17, 2007",America/Los_Angeles,2007,0,0,0,19,13,,40,4,100,29.99,1015,56,13,10,16,24,39,37,3,29.82,1010,46,8,10,16,213,,8,13,34,1,47,29.63,1003,36,2,9,14,0,0,0,3,213,177,0.00,0.00,T,T,,1,619,644,372,321,0.00,0.00,31,66,358,292,0,0.00,0.00,0.00,0.00,0,0
80,0,0,12,17,00,10,"12:00 PM PDT on October 17, 2007",America/Los_Angeles,2007,0,0,0,19,13,,40,4,100,29.99,1015,56,13,10,16,24,39,37,3,29.82,1010,46,8,10,16,213,,8,13,34,1,47,29.63,1003,36,2,9,14,0,0,0,3,213,177,0.00,0.00,T,T,,1,619,644,372,321,0.00,0.00,31,66,358,292,0,0.00,0.00,0.00,0.00,0,0
81,0,0,12,17,00,10,"12:00 PM PDT on October 17, 2007",America/Los_Angeles,2007,0,0,0,19,13,,40,4,100,29.99,1015,56,13,10,16,24,39,37,3,29.82,1010,46,8,10,16,213,,8,13,34,1,47,29.63,1003,36,2,9,14,0,0,0,3,213,177,0.00,0.00,T,T,,1,619,644,372,321,0.00,0.00,31,66,358,292,0,0.00,0.00,0.00,0.00,0,0
82,0,0,12,17,00,10,"12:00 PM PDT on October 17, 2007",America/Los_Angeles,2007,0,0,0,19,13,,40,4,100,29.99,1015,56,13,10,16,24,39,37,3,29.82,1010,46,8,10,16,213,,8,13,34,1,47,29.63,1003,36,2,9,14,0,0,0,3,213,177,0.00,0.00,T,T,,1,619,644,372,321,0.00,0.00,31,66,358,292,0,0.00,0.00,0.00,0.00,0,0
83,0,0,12,17,00,10,"12:00 PM PDT on October 17, 2007",America/Los_Angeles,2007,0,0,0,19,13,,40,4,100,29.99,1015,56,13,10,16,24,39,37,3,29.82,1010,46,8,10,16,213,,8,13,34,1,47,29.63,1003,36,2,9,14,0,0,0,3,213,177,0.00,0.00,T,T,,1,619,644,372,321,0.00,0.00,31,66,358,292,0,0.00,0.00,0.00,0.00,0,0
84,0,0,12,17,00,10,"12:00 PM PDT on October 17, 2007",America/Los_Angeles,2007,0,0,0,19,13,,40,4,100,29.99,1015,56,13,10,16,24,39,37,3,29.82,1010,46,8,10,16,213,,8,13,34,1,47,29.63,1003,36,2,9,14,0,0,0,3,213,177,0.00,0.00,T,T,,1,619,644,372,321,0.00,0.00,31,66,358,292,0,0.00,0.00,0.00,0.00,0,0
85,0,0,12,17,00,10,"12:00 PM PDT on October 17, 2007",America/Los_Angeles,2007,0,0,0,19,13,,40,4,100,29.99,1015,56,13,10,16,24,39,37,3,29.82,1010,46,8,10,16,213,,8,13,34,1,47,29.63,1003,36,2,9,14,0,0,0,3,213,177,0.00,0.00,T,T,,1,619,644,372,321,0.00,0.00,31,66,358,292,0,0.00,0.00,0.00,0.00,0,0
86,0,0,12,17,00,10,"12:00 PM PDT on October 17, 2007",America/Los_Angeles,2007,0,0,0,19,13,,40,4,100,29.99,1015,56,13,10,16,24,39,37,3,29.82,1010,46,8,10,16,213,,8,13,34,1,47,29.63,1003,36,2,9,14,0,0,0,3,213,177,0.00,0.00,T,T,,1,619,644,372,321,0.00,0.00,31,66,358,292,0,0.00,0.00,0.00,0.00,0,0
87,0,0,12,17,00,10,"12:00 PM PDT on October 17, 2007",America/Los_Angeles,2007,0,0,0,19,13,,40,4,100,29.99,1015,56,13,10,16,24,39,37,3,29.82,1010,46,8,10,16,213,,8,13,34,1,47,29.63,1003,36,2,9,14,0,0,0,3,213,177,0.00,0.00,T,T,,1,619,644,372,321,0.00,0.00,31,66,358,292,0,0.00,0.00,0.00,0.00,0,0
88,0,0,12,17,00,10,"12:00 PM PDT on October 17, 2007",America/Los_Angeles,2007,0,0,0,19,13,,40,4,100,29.99,1015,56,13,10,16,24,39,37,3,29.82,1010,46,8,10,16,213,,8,13,34,1,47,29.63,1003,36,2,9,14,0,0,0,3,213,177,0.00,0.00,T,T,,1,619,644,372,321,0.00,0.00,31,66,358,292,0,0.00,0.00,0.00,0.00,0,0
89,0,0,12,17,00,10,"12:00 PM PDT on October 17, 2007",America/Los_Angeles,2007,0,0,0,19,13,,40,4,100,29.99,1015,56,13,10,16,24,39,37,3,29.82,1010,46,8,10,16,213,,8,13,34,1,47,29.63,1003,36,2,9,14,0,0,0,3,213,177,0.00,0.00,T,T,,1,619,644,372,321,0.00,0.00,31,66,358,292,0,0.00,0.00,0.00,0.00,0,0
90,0,0,12,17,00,10,"12:00 PM PDT on October 17, 2007",America/Los_Angeles,2007,0,0,0,19,13,,40,4,100,29.99,1015,56,13,10,16,24,39,37,3,29.82,1010,46,8,10,16,213,,8,13,34,1,47,29.63,1003,36,2,9,14,0,0,0,3,213,177,0.00,0.00,T,T,,1,619,644,372,321,0.00,0.00,31,66,358,292,0,0.00,0.00,0.00,0.00,0,0
91,0,0,12,17,00,10,"12:00 PM PDT on October 17, 2007",America/Los_Angeles,2007,0,0,0,19,13,,40,4,100,29.99,1015,56,13,10,16,24,39,37,3,29.82,1010,46,8,10,16,213,,8,13,34,1,47,29.63,1003,36,2,9,14,0,0,0,3,213,177,0.00,0.00,T,T,,1,619,644,372,321,0.00,0.00,31,66,358,292,0,0.00,0.00,0.00,0.00,0,0
92,0,0,12,17,00,10,"12:00 PM PDT on October 17, 2007",America/Los_Angeles,2007,0,0,0,19,13,,40,4,100,29.99,1015,56,13,10,16,24,39,37,3,29.82,1010,46,8,10,16,213,,8,13,34,1,47,29.63,1003,36,2,9,14,0,0,0,3,213,177,0.00,0.00,T,T,,1,619,644,372,321,0.00,0.00,31,66,358,292,0,0.00,0.00,0.00,0.00,0,0
93,0,0,12,17,00,10,"12:00 PM PDT on October 17, 2007",America/Los_Angeles,2007,0,0,0,19,13,,40,4,100,29.99,1015,56,13,10,16,24,39,37,3,29.82,1010,46,8,10,16,213,,8,13,34,1,47,29.63,1003,36,2,9,14,0,0,0,3,213,177,0.00,0.00,T,T,,1,619,644,372,321,0.00,0.00,31,66,358,292,0,0.00,0.00,0.00,0.00,0,0
94,0,0,12,17,00,10,"12:00 PM PDT on October 17, 2007",America/Los_Angeles,2007,0,0,0,19,13,,40,4,100,29.99,1015,56,13,10,16,24,39,37,3,29.82,1010,46,8,10,16,213,,8,13,34,1,47,29.63,1003,36,2,9,14,0,0,0,3,213,177,0.00,0.00,T,T,,1,619,644,372,321,0.00,0.00,31,66,358,292,0,0.00,0.00,0.00,0.00,0,0
95,0,0,12,17,00,10,"12:00 PM PDT on October 17, 2007",America/Los_Angeles,2007,0,0,0,19,13,,40,4,100,29.99,1015,56,13,10,16,24,39,37,3,29.82,1010,46,8,10,16,213,,8,13,34,1,47,29.63,1003,36,2,9,14,0,0,0,3,213,177,0.00,0.00,T,T,,1,619,644,372,321,0.00,0.00,31,66,358,292,0,0.00,0.00,0.00,0.00,0,0
96,0,0,12,17,00,10,"12:00 PM PDT on October 17, 2007",America/Los_Angeles,2007,0,0,0,19,13,,40,4,100,29.99,1015,56,13,10,16,24,39,37,3,29.82,1010,46,8,10,16,213,,8,13,34,1,47,29.63,1003,36,2,9,14,0,0,0,3,213,177,0.00,0.00,T,T,,1,619,644,372,321,0.00,0.00,31,66,358,292,0,0.00,0.00,0.00,0.00,0,0
97,0,0,12,17,00,10,"12:00 PM PDT on October 17, 2007",America/Los_Angeles,2007,0,0,0,19,13,,40,4,100,29.99,1015,56,13,10,16,24,39,37,3,29.82,1010,46,8,10,16,213,,8,13,34,1,47,29.63,1003,36,2,9,14,0,0,0,3,213,177,0.00,0.00,T,T,,1,619,644,372,321,0.00,0.00,31,66,358,292,0,0.00,0.00,0.00,0.00,0,0
98,0,0,12,17,00,10,"12:00 PM PDT on October 17, 2007",America/Los_Angeles,2007,0,0,0,19,13,,40,4,100,29.99,1015,56,13,10,16,24,39,37,3,29.82,1010,46,8,10,16,213,,8,13,34,1,47,29.63,1003,36,2,9,14,0,0,0,3,213,177,0.00,0.00,T,T,,1,619,644,372,321,0.00,0.00,31,66,358,292,0,0.00,0.00,0.00,0.00,0,0
99,0,0,12,17,00,10,"12:00 PM PDT on October 17, 2007",America/Los_Angeles,2007,0,0,0,19,13,,40,4,100,29.99,1015,56,13,10,16,24,39,37,3,29.82,1010,46,8,10,16,213,,8,13,34,1,47,29.63,1003,36,2,9,14,0,0,0,3,213,177,0.00,0.00,T,T,,1,619,644,372,321,0.00,0.00,31,66,358,292,0,0.00,0.00,0.00,0.00,0,0
100,0,0,12,17,00,10,"12:00 PM PDT on October 17, 2007",America/Los_Angeles,2007,0,0,0,19,13,,40,4,100,29.99,1015,56,13,10,16,24,39,37,3,29.82,1010,46,8,10,16,213,,8,13,34,1,47,29.63,1003,36,2,9,14,0,0,0,3,213,177,0.00,0.00,T,T,,1,619,644,372,321,0.00,0.00,31,66,358,292,0,0.00,0.00,0.00,0.00,0,0
